router,chip,protect,overall_success,tasks_before_first_failure,life_90,life_70,life_50,total_steps,final_dead_frac,final_weak_frac,final_mean_health_used,electrodes_used
A*,0,0,0.521,223,552,750,1044,62577,0.16,0.23,0.6257842830977794,536
A*,1,0,0.537,303,508,884,1002,60116,0.16444444444444445,0.24222222222222223,0.5914046213346542,505
A*,2,0,0.44333333333333336,255,422,651,968,59440,0.1511111111111111,0.2111111111111111,0.585799591924961,444
A*,3,0,0.55,228,452,614,1316,58214,0.14555555555555555,0.2011111111111111,0.6145307704043524,450
A*,4,0,0.465,205,423,593,1048,62178,0.16,0.22555555555555556,0.6261920007865919,540
A*,5,0,0.471,302,402,803,914,69339,0.19333333333333333,0.24222222222222223,0.6044289603665997,542
A*,6,0,0.481,207,553,714,1076,54426,0.14666666666666667,0.19444444444444445,0.5794050519955201,406
A*,7,0,0.394,202,399,584,961,57026,0.14444444444444443,0.18555555555555556,0.5766534177764864,385
A*,8,0,0.457,299,497,640,969,68137,0.18888888888888888,0.25222222222222224,0.5930217518757983,540
A*,9,0,0.398,189,323,589,774,53298,0.14,0.18444444444444444,0.5738027525534157,371
Health-aware A*,0,0,0.7676666666666667,393,725,1531,3000,58674,0.12333333333333334,0.24444444444444444,0.664753399569672,618
Health-aware A*,1,0,0.7256666666666667,378,763,1341,2730,56532,0.13777777777777778,0.2688888888888889,0.6793426132386461,717
Health-aware A*,2,0,0.7186666666666667,285,835,1364,2178,55527,0.14333333333333334,0.26555555555555554,0.667838735168953,677
Health-aware A*,3,0,0.793,679,796,1440,2884,54036,0.13333333333333333,0.23333333333333334,0.6705922704332336,616
Health-aware A*,4,0,0.7206666666666667,336,746,990,2287,59225,0.1411111111111111,0.26222222222222225,0.6786481223354659,703
Health-aware A*,5,0,0.6976666666666667,304,754,1481,2231,66059,0.1711111111111111,0.30333333333333334,0.6533961320000354,736
Health-aware A*,6,0,0.6666666666666666,448,765,1184,1763,52526,0.1288888888888889,0.22111111111111112,0.6594351706728181,568
Health-aware A*,7,0,0.694,471,651,1287,1975,53446,0.13444444444444445,0.24,0.659276057956722,604
Health-aware A*,8,0,0.693,319,684,1303,2019,64308,0.1622222222222222,0.30333333333333334,0.646578231799346,723
Health-aware A*,9,0,0.6846666666666666,354,806,1317,1992,49853,0.13555555555555557,0.23222222222222222,0.6786230805678646,632
Wear-aware A*,0,0,0.7736666666666666,443,888,1743,3000,58373,0.12444444444444444,0.23222222222222222,0.6643375152314076,597
Wear-aware A*,1,0,0.7333333333333333,275,682,1621,2182,57689,0.1322222222222222,0.2722222222222222,0.6734497893339002,700
Wear-aware A*,2,0,0.7073333333333334,309,693,1349,2119,55300,0.14666666666666667,0.26,0.6552451745604227,637
Wear-aware A*,3,0,0.8036666666666666,300,1074,1552,3000,54272,0.1288888888888889,0.22333333333333333,0.6793789719241574,616
Wear-aware A*,4,0,0.7033333333333334,280,580,1273,2271,59439,0.14444444444444443,0.2544444444444444,0.6832220704047862,703
Wear-aware A*,5,0,0.706,270,611,1522,2242,65816,0.17,0.29444444444444445,0.6622686139696214,734
Wear-aware A*,6,0,0.6663333333333333,233,679,1291,1838,52653,0.12555555555555556,0.21888888888888888,0.6505803800476616,547
Wear-aware A*,7,0,0.6896666666666667,286,720,1088,2104,53160,0.13111111111111112,0.23222222222222222,0.6695824852977305,604
Wear-aware A*,8,0,0.692,246,556,1292,1966,64509,0.1622222222222222,0.3,0.6502354491537761,721
Wear-aware A*,9,0,0.679,207,675,1226,2391,50232,0.1288888888888889,0.23555555555555555,0.6821019236393487,632
"Wear-aware A* (true decay, analysis)",0,0,0.7866666666666666,367,963,1719,3000,58022,0.12,0.23,0.6766777785560718,617
"Wear-aware A* (true decay, analysis)",1,0,0.7386666666666667,244,737,1348,2656,56743,0.1322222222222222,0.2633333333333333,0.6723001869988264,693
"Wear-aware A* (true decay, analysis)",2,0,0.722,294,921,1319,2204,55545,0.1411111111111111,0.2588888888888889,0.6570414499877687,638
"Wear-aware A* (true decay, analysis)",3,0,0.796,435,810,2046,3000,53555,0.12444444444444444,0.22444444444444445,0.6875071660349588,626
"Wear-aware A* (true decay, analysis)",4,0,0.7113333333333334,189,793,1179,2345,59541,0.14,0.2588888888888889,0.6802573654185167,697
"Wear-aware A* (true decay, analysis)",5,0,0.704,383,796,1433,2149,64873,0.15888888888888889,0.2877777777777778,0.6637099129479718,728
"Wear-aware A* (true decay, analysis)",6,0,0.6783333333333333,200,728,1313,2070,52636,0.12333333333333334,0.21666666666666667,0.6535628751582008,550
"Wear-aware A* (true decay, analysis)",7,0,0.7053333333333334,308,870,1384,2274,52679,0.1288888888888889,0.23222222222222222,0.6697336169670832,604
"Wear-aware A* (true decay, analysis)",8,0,0.7016666666666667,335,824,1342,1996,64067,0.15888888888888889,0.29888888888888887,0.6491557502010613,721
"Wear-aware A* (true decay, analysis)",9,0,0.674,297,764,1025,2054,50485,0.12555555555555556,0.23444444444444446,0.6833538333187978,632
