chip,router,overall_success,tasks_before_first_failure,total_steps,electrodes_used,mean_health_all,mean_health_degradable,mean_health_used,dead_electrodes,electrodes_below_0_5
0,A*,0.521,223,62577,536,0.7771337508226775,0.5572193724953858,0.6257842830977794,144,207
0,Health-aware A*,0.7676666666666667,393,58674,618,0.7697973343711749,0.5426437106712082,0.664753399569672,111,220
1,A*,0.537,303,60116,505,0.7707325930822226,0.5474985389780711,0.5914046213346542,148,218
1,Health-aware A*,0.7256666666666667,378,56532,717,0.7445429485467879,0.49580845107918686,0.6793426132386461,124,242
2,A*,0.44333333333333336,255,59440,444,0.7956611320163139,0.5781995844373455,0.585799591924961,136,190
2,Health-aware A*,0.7186666666666667,285,55527,677,0.7501409152326457,0.48423583419582816,0.667838735168953,129,239
3,A*,0.55,228,58214,450,0.8072653852021763,0.5769240162974602,0.6145307704043524,131,181
3,Health-aware A*,0.793,679,54036,616,0.7745387095409688,0.5050849721631021,0.6705922704332336,120,210
4,A*,0.465,205,62178,540,0.7757152004719552,0.5401906160017304,0.6261920007865919,144,203
4,Health-aware A*,0.7206666666666667,336,59225,703,0.7489884777798139,0.4853977904369761,0.6786481223354659,127,236
5,A*,0.471,302,69339,542,0.761778329465219,0.5127284011788569,0.6044289603665997,174,218
5,Health-aware A*,0.6976666666666667,304,66059,736,0.7165550590578068,0.42022625716369566,0.6533961320000354,154,273
6,A*,0.481,207,54426,406,0.810264945677979,0.627158190196902,0.5794050519955201,132,175
6,Health-aware A*,0.6666666666666666,448,52526,568,0.7850657521579562,0.5776401243278617,0.6594351706728181,116,199
7,A*,0.394,202,57026,385,0.818901739826608,0.6369968058885238,0.5766534177764864,130,167
7,Health-aware A*,0.694,471,53446,604,0.7713363766731777,0.54165420714,0.659276057956722,121,216
8,A*,0.457,299,68137,540,0.755813051125479,0.515928955975619,0.5930217518757983,170,227
8,Health-aware A*,0.693,319,64308,723,0.716084512878808,0.43717194183023617,0.646578231799346,146,273
9,A*,0.398,189,53298,371,0.8243120235525747,0.6509510401706782,0.5738027525534157,126,166
9,Health-aware A*,0.6846666666666666,354,49853,632,0.7743219854654338,0.5516330837061597,0.6786230805678646,122,209
