blockage,chip_health,method,mode,success_deadline,success_no_deadline,mean_steps_success,mean_steps_paired,n_paired,fastest_share_paired,reachable_tasks,n
0.1,0.9,A*,soft,0.96,1.0,6.176666666666667,6.176666666666667,300,0.006666666666666667,1.0,300
0.1,0.9,Health-aware A*,soft,0.98,1.0,5.8966666666666665,5.8966666666666665,300,0.13333333333333333,1.0,300
0.1,0.9,PPO,soft,0.9366666666666666,1.0,6.373333333333333,6.373333333333333,300,0.0033333333333333335,1.0,300
0.2,0.8,A*,soft,0.9133333333333333,1.0,6.63,6.63,300,0.01,1.0,300
0.2,0.8,Health-aware A*,soft,0.9433333333333334,1.0,6.263333333333334,6.263333333333334,300,0.15,1.0,300
0.2,0.8,PPO,soft,0.8866666666666667,1.0,6.87,6.87,300,0.01,1.0,300
0.3,0.7,A*,soft,0.6633333333333333,1.0,8.236666666666666,8.240802675585284,299,0.010033444816053512,1.0,300
0.3,0.7,Health-aware A*,soft,0.7633333333333333,1.0,7.453333333333333,7.454849498327759,299,0.22408026755852842,1.0,300
0.3,0.7,PPO,soft,0.6466666666666666,0.9966666666666667,8.464882943143813,8.464882943143813,299,0.016722408026755852,1.0,300
0.4,0.6,A*,soft,0.52,0.9966666666666667,10.143812709030101,10.144781144781145,297,0.010101010101010102,1.0,300
0.4,0.6,Health-aware A*,soft,0.6466666666666666,1.0,8.84,8.801346801346801,297,0.26936026936026936,1.0,300
0.4,0.6,PPO,soft,0.49333333333333335,0.9933333333333333,10.412751677852349,10.38047138047138,297,0.006734006734006734,1.0,300
0.5,0.5,A*,soft,0.30666666666666664,0.99,12.501683501683502,12.440677966101696,295,0.020338983050847456,1.0,300
0.5,0.5,Health-aware A*,soft,0.4033333333333333,1.0,10.693333333333333,10.647457627118644,295,0.2576271186440678,1.0,300
0.5,0.5,PPO,soft,0.2833333333333333,0.99,12.58922558922559,12.535593220338983,295,0.01694915254237288,1.0,300
0.6,0.4,A*,soft,0.14666666666666667,0.9466666666666667,15.975352112676056,15.8,275,0.01090909090909091,1.0,300
0.6,0.4,Health-aware A*,soft,0.21,0.98,13.673469387755102,13.28,275,0.3054545454545455,1.0,300
0.6,0.4,PPO,soft,0.11,0.9366666666666666,16.327402135231317,16.123636363636365,275,0.01818181818181818,1.0,300
0.7,0.30000000000000004,A*,soft,0.06333333333333334,0.8133333333333334,21.07377049180328,20.211267605633804,213,0.023474178403755867,1.0,300
0.7,0.30000000000000004,Health-aware A*,soft,0.11,0.93,18.18637992831541,16.96713615023474,213,0.3380281690140845,1.0,300
0.7,0.30000000000000004,PPO,soft,0.06333333333333334,0.75,21.77777777777778,21.4037558685446,213,0.023474178403755867,1.0,300
0.8,0.19999999999999996,A*,soft,0.03333333333333333,0.62,24.86021505376344,23.19148936170213,141,0.0070921985815602835,1.0,300
0.8,0.19999999999999996,Health-aware A*,soft,0.04666666666666667,0.7933333333333333,23.58823529411765,19.368794326241133,141,0.2907801418439716,1.0,300
0.8,0.19999999999999996,PPO,soft,0.02666666666666667,0.51,24.41176470588235,24.106382978723403,141,0.0070921985815602835,1.0,300
0.9,0.09999999999999998,A*,soft,0.016666666666666666,0.21,24.11111111111111,22.043478260869566,23,0.0,1.0,300
0.9,0.09999999999999998,Health-aware A*,soft,0.016666666666666666,0.35333333333333333,27.88679245283019,20.652173913043477,23,0.08695652173913043,1.0,300
0.9,0.09999999999999998,PPO,soft,0.0033333333333333335,0.08666666666666667,27.26923076923077,24.52173913043478,23,0.043478260869565216,1.0,300
