blockage,chip_health,method,mode,success_deadline,success_no_deadline,mean_steps_success,reachable_tasks,n
0.1,0.9,A*,soft,0.9933333333333333,1.0,16.483333333333334,1.0,300
0.1,0.9,Health-aware A*,soft,0.9966666666666667,1.0,15.533333333333333,1.0,300
0.2,0.8,A*,soft,0.9033333333333333,1.0,17.656666666666666,1.0,300
0.2,0.8,Health-aware A*,soft,0.97,1.0,15.913333333333334,1.0,300
0.3,0.7,A*,soft,0.6266666666666667,1.0,21.18,1.0,300
0.3,0.7,Health-aware A*,soft,0.86,1.0,18.49,1.0,300
0.4,0.6,A*,soft,0.31333333333333335,0.9966666666666667,26.77257525083612,1.0,300
0.4,0.6,Health-aware A*,soft,0.6166666666666667,1.0,22.243333333333332,1.0,300
0.5,0.5,A*,soft,0.11,0.97,32.58762886597938,1.0,300
0.5,0.5,Health-aware A*,soft,0.27666666666666667,0.9966666666666667,26.474916387959865,1.0,300
0.6,0.4,A*,soft,0.03666666666666667,0.8633333333333333,40.14671814671814,1.0,300
0.6,0.4,Health-aware A*,soft,0.10333333333333333,0.99,31.016835016835017,1.0,300
0.7,0.30000000000000004,A*,soft,0.01,0.6633333333333333,51.20100502512563,1.0,300
0.7,0.30000000000000004,Health-aware A*,soft,0.023333333333333334,0.95,41.63508771929825,1.0,300
0.8,0.19999999999999996,A*,soft,0.0,0.29333333333333333,53.92045454545455,1.0,300
0.8,0.19999999999999996,Health-aware A*,soft,0.0033333333333333335,0.8166666666666667,60.19183673469388,1.0,300
0.9,0.09999999999999998,A*,soft,0.0,0.03,45.0,1.0,300
0.9,0.09999999999999998,Health-aware A*,soft,0.0,0.2733333333333333,87.2560975609756,1.0,300
