frac_degradable,router,success_rate,mean_steps_success,mean_path_len,n
0.0,A*,1.0,14.554,14.554,500
0.0,Health-aware A*,1.0,14.554,14.554,500
0.1,A*,0.994,15.396378269617706,14.354,500
0.1,Health-aware A*,1.0,14.79,14.354,500
0.3,A*,0.918,17.48148148148148,14.24,500
0.3,Health-aware A*,0.97,16.315463917525772,14.242,500
0.5,A*,0.634,19.22712933753943,14.334,500
0.5,Health-aware A*,0.848,18.589622641509433,14.358,500
0.7,A*,0.228,18.17543859649123,14.2,500
0.7,Health-aware A*,0.492,19.79268292682927,14.28,500
